{"class_name": "Model", "config": {"name": "1D_All_Convolutional_AE", "layers": [{"name": "Sequence_Input", "class_name": "InputLayer", "config": {"batch_input_shape": [null, 54, 2], "dtype": "float32", "sparse": false, "name": "Sequence_Input"}, "inbound_nodes": []}, {"name": "Constant_Input", "class_name": "InputLayer", "config": {"batch_input_shape": [null, 54, 2], "dtype": "float32", "sparse": false, "name": "Constant_Input"}, "inbound_nodes": []}, {"name": "Encoder", "class_name": "Model", "config": {"name": "Encoder", "layers": [{"name": "Sequence_Input", "class_name": "InputLayer", "config": {"batch_input_shape": [null, 54, 2], "dtype": "float32", "sparse": false, "name": "Sequence_Input"}, "inbound_nodes": []}, {"name": "conv1d_17", "class_name": "Conv1D", "config": {"name": "conv1d_17", "trainable": true, "filters": 32, "kernel_size": [5], "strides": [1], "padding": "same", "data_format": "channels_last", "dilation_rate": [1], "activation": "linear", "use_bias": true, "kernel_initializer": {"class_name": "VarianceScaling", "config": {"scale": 1.0, "mode": "fan_avg", "distribution": "uniform", "seed": null}}, "bias_initializer": {"class_name": "Zeros", "config": {}}, "kernel_regularizer": null, "bias_regularizer": null, "activity_regularizer": null, "kernel_constraint": null, "bias_constraint": null}, "inbound_nodes": [[["Sequence_Input", 0, 0, {}]]]}, {"name": "activation_15", "class_name": "Activation", "config": {"name": "activation_15", "trainable": true, "activation": "relu"}, "inbound_nodes": [[["conv1d_17", 0, 0, {}]]]}, {"name": "conv1d_18", "class_name": "Conv1D", "config": {"name": "conv1d_18", "trainable": true, "filters": 32, "kernel_size": [5], "strides": [1], "padding": "same", "data_format": "channels_last", "dilation_rate": [1], "activation": "linear", "use_bias": true, "kernel_initializer": {"class_name": "VarianceScaling", "config": {"scale": 1.0, "mode": "fan_avg", "distribution": "uniform", "seed": null}}, "bias_initializer": {"class_name": "Zeros", "config": {}}, "kernel_regularizer": null, "bias_regularizer": null, "activity_regularizer": null, "kernel_constraint": null, "bias_constraint": null}, "inbound_nodes": [[["activation_15", 0, 0, {}]]]}, {"name": "activation_16", "class_name": "Activation", "config": {"name": "activation_16", "trainable": true, "activation": "relu"}, "inbound_nodes": [[["conv1d_18", 0, 0, {}]]]}, {"name": "conv1d_19", "class_name": "Conv1D", "config": {"name": "conv1d_19", "trainable": true, "filters": 32, "kernel_size": [5], "strides": [1], "padding": "same", "data_format": "channels_last", "dilation_rate": [1], "activation": "linear", "use_bias": true, "kernel_initializer": {"class_name": "VarianceScaling", "config": {"scale": 1.0, "mode": "fan_avg", "distribution": "uniform", "seed": null}}, "bias_initializer": {"class_name": "Zeros", "config": {}}, "kernel_regularizer": null, "bias_regularizer": null, "activity_regularizer": null, "kernel_constraint": null, "bias_constraint": null}, "inbound_nodes": [[["activation_16", 0, 0, {}]]]}, {"name": "activation_17", "class_name": "Activation", "config": {"name": "activation_17", "trainable": true, "activation": "relu"}, "inbound_nodes": [[["conv1d_19", 0, 0, {}]]]}, {"name": "Constant_Input", "class_name": "InputLayer", "config": {"batch_input_shape": [null, 54, 2], "dtype": "float32", "sparse": false, "name": "Constant_Input"}, "inbound_nodes": []}, {"name": "encoder_input", "class_name": "Concatenate", "config": {"name": "encoder_input", "trainable": true, "axis": -1}, "inbound_nodes": [[["activation_17", 0, 0, {}], ["Constant_Input", 0, 0, {}]]]}, {"name": "conv1d_20", "class_name": "Conv1D", "config": {"name": "conv1d_20", "trainable": true, "filters": 32, "kernel_size": [1], "strides": [1], "padding": "same", "data_format": "channels_last", "dilation_rate": [1], "activation": "linear", "use_bias": true, "kernel_initializer": {"class_name": "VarianceScaling", "config": {"scale": 1.0, "mode": "fan_avg", "distribution": "uniform", "seed": null}}, "bias_initializer": {"class_name": "Zeros", "config": {}}, "kernel_regularizer": null, "bias_regularizer": null, "activity_regularizer": null, "kernel_constraint": null, "bias_constraint": null}, "inbound_nodes": [[["encoder_input", 0, 0, {}]]]}, {"name": "activation_18", "class_name": "Activation", "config": {"name": "activation_18", "trainable": true, "activation": "relu"}, "inbound_nodes": [[["conv1d_20", 0, 0, {}]]]}, {"name": "conv1d_21", "class_name": "Conv1D", "config": {"name": "conv1d_21", "trainable": true, "filters": 16, "kernel_size": [1], "strides": [1], "padding": "same", "data_format": "channels_last", "dilation_rate": [1], "activation": "linear", "use_bias": true, "kernel_initializer": {"class_name": "VarianceScaling", "config": {"scale": 1.0, "mode": "fan_avg", "distribution": "uniform", "seed": null}}, "bias_initializer": {"class_name": "Zeros", "config": {}}, "kernel_regularizer": null, "bias_regularizer": null, "activity_regularizer": null, "kernel_constraint": null, "bias_constraint": null}, "inbound_nodes": [[["activation_18", 0, 0, {}]]]}, {"name": "activation_19", "class_name": "Activation", "config": {"name": "activation_19", "trainable": true, "activation": "relu"}, "inbound_nodes": [[["conv1d_21", 0, 0, {}]]]}, {"name": "conv1d_22", "class_name": "Conv1D", "config": {"name": "conv1d_22", "trainable": true, "filters": 8, "kernel_size": [1], "strides": [1], "padding": "same", "data_format": "channels_last", "dilation_rate": [1], "activation": "linear", "use_bias": true, "kernel_initializer": {"class_name": "VarianceScaling", "config": {"scale": 1.0, "mode": "fan_avg", "distribution": "uniform", "seed": null}}, "bias_initializer": {"class_name": "Zeros", "config": {}}, "kernel_regularizer": null, "bias_regularizer": null, "activity_regularizer": null, "kernel_constraint": null, "bias_constraint": null}, "inbound_nodes": [[["activation_19", 0, 0, {}]]]}, {"name": "activation_20", "class_name": "Activation", "config": {"name": "activation_20", "trainable": true, "activation": "relu"}, "inbound_nodes": [[["conv1d_22", 0, 0, {}]]]}, {"name": "conv1d_23", "class_name": "Conv1D", "config": {"name": "conv1d_23", "trainable": true, "filters": 4, "kernel_size": [1], "strides": [1], "padding": "same", "data_format": "channels_last", "dilation_rate": [1], "activation": "linear", "use_bias": true, "kernel_initializer": {"class_name": "VarianceScaling", "config": {"scale": 1.0, "mode": "fan_avg", "distribution": "uniform", "seed": null}}, "bias_initializer": {"class_name": "Zeros", "config": {}}, "kernel_regularizer": null, "bias_regularizer": null, "activity_regularizer": null, "kernel_constraint": null, "bias_constraint": null}, "inbound_nodes": [[["activation_20", 0, 0, {}]]]}, {"name": "activation_21", "class_name": "Activation", "config": {"name": "activation_21", "trainable": true, "activation": "relu"}, "inbound_nodes": [[["conv1d_23", 0, 0, {}]]]}, {"name": "conv1d_24", "class_name": "Conv1D", "config": {"name": "conv1d_24", "trainable": true, "filters": 1, "kernel_size": [1], "strides": [1], "padding": "same", "data_format": "channels_last", "dilation_rate": [1], "activation": "linear", "use_bias": true, "kernel_initializer": {"class_name": "VarianceScaling", "config": {"scale": 1.0, "mode": "fan_avg", "distribution": "uniform", "seed": null}}, "bias_initializer": {"class_name": "Zeros", "config": {}}, "kernel_regularizer": null, "bias_regularizer": null, "activity_regularizer": null, "kernel_constraint": null, "bias_constraint": null}, "inbound_nodes": [[["activation_21", 0, 0, {}]]]}, {"name": "Encoder_Output", "class_name": "Activation", "config": {"name": "Encoder_Output", "trainable": true, "activation": "linear"}, "inbound_nodes": [[["conv1d_24", 0, 0, {}]]]}], "input_layers": [["Sequence_Input", 0, 0], ["Constant_Input", 0, 0]], "output_layers": [["Encoder_Output", 0, 0]]}, "inbound_nodes": [[["Sequence_Input", 0, 0, {}], ["Constant_Input", 0, 0, {}]]]}, {"name": "Decoder", "class_name": "Model", "config": {"name": "Decoder", "layers": [{"name": "Latent_Channel_Input", "class_name": "InputLayer", "config": {"batch_input_shape": [null, 54, 1], "dtype": "float32", "sparse": false, "name": "Latent_Channel_Input"}, "inbound_nodes": []}, {"name": "conv1d_25", "class_name": "Conv1D", "config": {"name": "conv1d_25", "trainable": true, "filters": 32, "kernel_size": [5], "strides": [1], "padding": "same", "data_format": "channels_last", "dilation_rate": [1], "activation": "linear", "use_bias": true, "kernel_initializer": {"class_name": "VarianceScaling", "config": {"scale": 1.0, "mode": "fan_avg", "distribution": "uniform", "seed": null}}, "bias_initializer": {"class_name": "Zeros", "config": {}}, "kernel_regularizer": null, "bias_regularizer": null, "activity_regularizer": null, "kernel_constraint": null, "bias_constraint": null}, "inbound_nodes": [[["Latent_Channel_Input", 0, 0, {}]]]}, {"name": "activation_22", "class_name": "Activation", "config": {"name": "activation_22", "trainable": true, "activation": "relu"}, "inbound_nodes": [[["conv1d_25", 0, 0, {}]]]}, {"name": "conv1d_26", "class_name": "Conv1D", "config": {"name": "conv1d_26", "trainable": true, "filters": 32, "kernel_size": [5], "strides": [1], "padding": "same", "data_format": "channels_last", "dilation_rate": [1], "activation": "linear", "use_bias": true, "kernel_initializer": {"class_name": "VarianceScaling", "config": {"scale": 1.0, "mode": "fan_avg", "distribution": "uniform", "seed": null}}, "bias_initializer": {"class_name": "Zeros", "config": {}}, "kernel_regularizer": null, "bias_regularizer": null, "activity_regularizer": null, "kernel_constraint": null, "bias_constraint": null}, "inbound_nodes": [[["activation_22", 0, 0, {}]]]}, {"name": "activation_23", "class_name": "Activation", "config": {"name": "activation_23", "trainable": true, "activation": "relu"}, "inbound_nodes": [[["conv1d_26", 0, 0, {}]]]}, {"name": "conv1d_27", "class_name": "Conv1D", "config": {"name": "conv1d_27", "trainable": true, "filters": 32, "kernel_size": [5], "strides": [1], "padding": "same", "data_format": "channels_last", "dilation_rate": [1], "activation": "linear", "use_bias": true, "kernel_initializer": {"class_name": "VarianceScaling", "config": {"scale": 1.0, "mode": "fan_avg", "distribution": "uniform", "seed": null}}, "bias_initializer": {"class_name": "Zeros", "config": {}}, "kernel_regularizer": null, "bias_regularizer": null, "activity_regularizer": null, "kernel_constraint": null, "bias_constraint": null}, "inbound_nodes": [[["activation_23", 0, 0, {}]]]}, {"name": "activation_24", "class_name": "Activation", "config": {"name": "activation_24", "trainable": true, "activation": "relu"}, "inbound_nodes": [[["conv1d_27", 0, 0, {}]]]}, {"name": "Constant_Input", "class_name": "InputLayer", "config": {"batch_input_shape": [null, 54, 2], "dtype": "float32", "sparse": false, "name": "Constant_Input"}, "inbound_nodes": []}, {"name": "decoder_input", "class_name": "Concatenate", "config": {"name": "decoder_input", "trainable": true, "axis": -1}, "inbound_nodes": [[["activation_24", 0, 0, {}], ["Constant_Input", 0, 0, {}]]]}, {"name": "conv1d_28", "class_name": "Conv1D", "config": {"name": "conv1d_28", "trainable": true, "filters": 32, "kernel_size": [1], "strides": [1], "padding": "same", "data_format": "channels_last", "dilation_rate": [1], "activation": "linear", "use_bias": true, "kernel_initializer": {"class_name": "VarianceScaling", "config": {"scale": 1.0, "mode": "fan_avg", "distribution": "uniform", "seed": null}}, "bias_initializer": {"class_name": "Zeros", "config": {}}, "kernel_regularizer": null, "bias_regularizer": null, "activity_regularizer": null, "kernel_constraint": null, "bias_constraint": null}, "inbound_nodes": [[["decoder_input", 0, 0, {}]]]}, {"name": "activation_25", "class_name": "Activation", "config": {"name": "activation_25", "trainable": true, "activation": "relu"}, "inbound_nodes": [[["conv1d_28", 0, 0, {}]]]}, {"name": "conv1d_29", "class_name": "Conv1D", "config": {"name": "conv1d_29", "trainable": true, "filters": 16, "kernel_size": [1], "strides": [1], "padding": "same", "data_format": "channels_last", "dilation_rate": [1], "activation": "linear", "use_bias": true, "kernel_initializer": {"class_name": "VarianceScaling", "config": {"scale": 1.0, "mode": "fan_avg", "distribution": "uniform", "seed": null}}, "bias_initializer": {"class_name": "Zeros", "config": {}}, "kernel_regularizer": null, "bias_regularizer": null, "activity_regularizer": null, "kernel_constraint": null, "bias_constraint": null}, "inbound_nodes": [[["activation_25", 0, 0, {}]]]}, {"name": "activation_26", "class_name": "Activation", "config": {"name": "activation_26", "trainable": true, "activation": "relu"}, "inbound_nodes": [[["conv1d_29", 0, 0, {}]]]}, {"name": "conv1d_30", "class_name": "Conv1D", "config": {"name": "conv1d_30", "trainable": true, "filters": 8, "kernel_size": [1], "strides": [1], "padding": "same", "data_format": "channels_last", "dilation_rate": [1], "activation": "linear", "use_bias": true, "kernel_initializer": {"class_name": "VarianceScaling", "config": {"scale": 1.0, "mode": "fan_avg", "distribution": "uniform", "seed": null}}, "bias_initializer": {"class_name": "Zeros", "config": {}}, "kernel_regularizer": null, "bias_regularizer": null, "activity_regularizer": null, "kernel_constraint": null, "bias_constraint": null}, "inbound_nodes": [[["activation_26", 0, 0, {}]]]}, {"name": "activation_27", "class_name": "Activation", "config": {"name": "activation_27", "trainable": true, "activation": "relu"}, "inbound_nodes": [[["conv1d_30", 0, 0, {}]]]}, {"name": "conv1d_31", "class_name": "Conv1D", "config": {"name": "conv1d_31", "trainable": true, "filters": 4, "kernel_size": [1], "strides": [1], "padding": "same", "data_format": "channels_last", "dilation_rate": [1], "activation": "linear", "use_bias": true, "kernel_initializer": {"class_name": "VarianceScaling", "config": {"scale": 1.0, "mode": "fan_avg", "distribution": "uniform", "seed": null}}, "bias_initializer": {"class_name": "Zeros", "config": {}}, "kernel_regularizer": null, "bias_regularizer": null, "activity_regularizer": null, "kernel_constraint": null, "bias_constraint": null}, "inbound_nodes": [[["activation_27", 0, 0, {}]]]}, {"name": "activation_28", "class_name": "Activation", "config": {"name": "activation_28", "trainable": true, "activation": "relu"}, "inbound_nodes": [[["conv1d_31", 0, 0, {}]]]}, {"name": "conv1d_32", "class_name": "Conv1D", "config": {"name": "conv1d_32", "trainable": true, "filters": 2, "kernel_size": [1], "strides": [1], "padding": "same", "data_format": "channels_last", "dilation_rate": [1], "activation": "linear", "use_bias": true, "kernel_initializer": {"class_name": "VarianceScaling", "config": {"scale": 1.0, "mode": "fan_avg", "distribution": "uniform", "seed": null}}, "bias_initializer": {"class_name": "Zeros", "config": {}}, "kernel_regularizer": null, "bias_regularizer": null, "activity_regularizer": null, "kernel_constraint": null, "bias_constraint": null}, "inbound_nodes": [[["activation_28", 0, 0, {}]]]}, {"name": "Decoder_Output", "class_name": "Activation", "config": {"name": "Decoder_Output", "trainable": true, "activation": "tanh"}, "inbound_nodes": [[["conv1d_32", 0, 0, {}]]]}], "input_layers": [["Latent_Channel_Input", 0, 0], ["Constant_Input", 0, 0]], "output_layers": [["Decoder_Output", 0, 0]]}, "inbound_nodes": [[["Encoder", 1, 0, {}], ["Constant_Input", 0, 0, {}]]]}], "input_layers": [["Sequence_Input", 0, 0], ["Constant_Input", 0, 0]], "output_layers": [["Decoder", 1, 0]]}, "keras_version": "2.2.4", "backend": "tensorflow"}