{"class_name": "Model", "config": {"name": "1D_All_Convolutional_AE", "layers": [{"name": "Sequence_Input", "class_name": "InputLayer", "config": {"batch_input_shape": [null, 54, 2], "dtype": "float32", "sparse": false, "name": "Sequence_Input"}, "inbound_nodes": []}, {"name": "Constant_Input", "class_name": "InputLayer", "config": {"batch_input_shape": [null, 54, 2], "dtype": "float32", "sparse": false, "name": "Constant_Input"}, "inbound_nodes": []}, {"name": "Encoder", "class_name": "Model", "config": {"name": "Encoder", "layers": [{"name": "Sequence_Input", "class_name": "InputLayer", "config": {"batch_input_shape": [null, 54, 2], "dtype": "float32", "sparse": false, "name": "Sequence_Input"}, "inbound_nodes": []}, {"name": "conv1d_1", "class_name": "Conv1D", "config": {"name": "conv1d_1", "trainable": true, "filters": 32, "kernel_size": [5], "strides": [1], "padding": "same", "data_format": "channels_last", "dilation_rate": [1], "activation": "linear", "use_bias": true, "kernel_initializer": {"class_name": "VarianceScaling", "config": {"scale": 1.0, "mode": "fan_avg", "distribution": "uniform", "seed": null}}, "bias_initializer": {"class_name": "Zeros", "config": {}}, "kernel_regularizer": null, "bias_regularizer": null, "activity_regularizer": null, "kernel_constraint": null, "bias_constraint": null}, "inbound_nodes": [[["Sequence_Input", 0, 0, {}]]]}, {"name": "activation_1", "class_name": "Activation", "config": {"name": "activation_1", "trainable": true, "activation": "relu"}, "inbound_nodes": [[["conv1d_1", 0, 0, {}]]]}, {"name": "conv1d_2", "class_name": "Conv1D", "config": {"name": "conv1d_2", "trainable": true, "filters": 32, "kernel_size": [5], "strides": [1], "padding": "same", "data_format": "channels_last", "dilation_rate": [1], "activation": "linear", "use_bias": true, "kernel_initializer": {"class_name": "VarianceScaling", "config": {"scale": 1.0, "mode": "fan_avg", "distribution": "uniform", "seed": null}}, "bias_initializer": {"class_name": "Zeros", "config": {}}, "kernel_regularizer": null, "bias_regularizer": null, "activity_regularizer": null, "kernel_constraint": null, "bias_constraint": null}, "inbound_nodes": [[["activation_1", 0, 0, {}]]]}, {"name": "activation_2", "class_name": "Activation", "config": {"name": "activation_2", "trainable": true, "activation": "relu"}, "inbound_nodes": [[["conv1d_2", 0, 0, {}]]]}, {"name": "conv1d_3", "class_name": "Conv1D", "config": {"name": "conv1d_3", "trainable": true, "filters": 32, "kernel_size": [5], "strides": [1], "padding": "same", "data_format": "channels_last", "dilation_rate": [1], "activation": "linear", "use_bias": true, "kernel_initializer": {"class_name": "VarianceScaling", "config": {"scale": 1.0, "mode": "fan_avg", "distribution": "uniform", "seed": null}}, "bias_initializer": {"class_name": "Zeros", "config": {}}, "kernel_regularizer": null, "bias_regularizer": null, "activity_regularizer": null, "kernel_constraint": null, "bias_constraint": null}, "inbound_nodes": [[["activation_2", 0, 0, {}]]]}, {"name": "activation_3", "class_name": "Activation", "config": {"name": "activation_3", "trainable": true, "activation": "relu"}, "inbound_nodes": [[["conv1d_3", 0, 0, {}]]]}, {"name": "Constant_Input", "class_name": "InputLayer", "config": {"batch_input_shape": [null, 54, 2], "dtype": "float32", "sparse": false, "name": "Constant_Input"}, "inbound_nodes": []}, {"name": "encoder_input", "class_name": "Concatenate", "config": {"name": "encoder_input", "trainable": true, "axis": -1}, "inbound_nodes": [[["activation_3", 0, 0, {}], ["Constant_Input", 0, 0, {}]]]}, {"name": "conv1d_4", "class_name": "Conv1D", "config": {"name": "conv1d_4", "trainable": true, "filters": 32, "kernel_size": [1], "strides": [1], "padding": "same", "data_format": "channels_last", "dilation_rate": [1], "activation": "linear", "use_bias": true, "kernel_initializer": {"class_name": "VarianceScaling", "config": {"scale": 1.0, "mode": "fan_avg", "distribution": "uniform", "seed": null}}, "bias_initializer": {"class_name": "Zeros", "config": {}}, "kernel_regularizer": null, "bias_regularizer": null, "activity_regularizer": null, "kernel_constraint": null, "bias_constraint": null}, "inbound_nodes": [[["encoder_input", 0, 0, {}]]]}, {"name": "activation_4", "class_name": "Activation", "config": {"name": "activation_4", "trainable": true, "activation": "relu"}, "inbound_nodes": [[["conv1d_4", 0, 0, {}]]]}, {"name": "conv1d_5", "class_name": "Conv1D", "config": {"name": "conv1d_5", "trainable": true, "filters": 16, "kernel_size": [1], "strides": [1], "padding": "same", "data_format": "channels_last", "dilation_rate": [1], "activation": "linear", "use_bias": true, "kernel_initializer": {"class_name": "VarianceScaling", "config": {"scale": 1.0, "mode": "fan_avg", "distribution": "uniform", "seed": null}}, "bias_initializer": {"class_name": "Zeros", "config": {}}, "kernel_regularizer": null, "bias_regularizer": null, "activity_regularizer": null, "kernel_constraint": null, "bias_constraint": null}, "inbound_nodes": [[["activation_4", 0, 0, {}]]]}, {"name": "activation_5", "class_name": "Activation", "config": {"name": "activation_5", "trainable": true, "activation": "relu"}, "inbound_nodes": [[["conv1d_5", 0, 0, {}]]]}, {"name": "conv1d_6", "class_name": "Conv1D", "config": {"name": "conv1d_6", "trainable": true, "filters": 8, "kernel_size": [1], "strides": [1], "padding": "same", "data_format": "channels_last", "dilation_rate": [1], "activation": "linear", "use_bias": true, "kernel_initializer": {"class_name": "VarianceScaling", "config": {"scale": 1.0, "mode": "fan_avg", "distribution": "uniform", "seed": null}}, "bias_initializer": {"class_name": "Zeros", "config": {}}, "kernel_regularizer": null, "bias_regularizer": null, "activity_regularizer": null, "kernel_constraint": null, "bias_constraint": null}, "inbound_nodes": [[["activation_5", 0, 0, {}]]]}, {"name": "activation_6", "class_name": "Activation", "config": {"name": "activation_6", "trainable": true, "activation": "relu"}, "inbound_nodes": [[["conv1d_6", 0, 0, {}]]]}, {"name": "conv1d_7", "class_name": "Conv1D", "config": {"name": "conv1d_7", "trainable": true, "filters": 4, "kernel_size": [1], "strides": [1], "padding": "same", "data_format": "channels_last", "dilation_rate": [1], "activation": "linear", "use_bias": true, "kernel_initializer": {"class_name": "VarianceScaling", "config": {"scale": 1.0, "mode": "fan_avg", "distribution": "uniform", "seed": null}}, "bias_initializer": {"class_name": "Zeros", "config": {}}, "kernel_regularizer": null, "bias_regularizer": null, "activity_regularizer": null, "kernel_constraint": null, "bias_constraint": null}, "inbound_nodes": [[["activation_6", 0, 0, {}]]]}, {"name": "activation_7", "class_name": "Activation", "config": {"name": "activation_7", "trainable": true, "activation": "relu"}, "inbound_nodes": [[["conv1d_7", 0, 0, {}]]]}, {"name": "conv1d_8", "class_name": "Conv1D", "config": {"name": "conv1d_8", "trainable": true, "filters": 1, "kernel_size": [1], "strides": [1], "padding": "same", "data_format": "channels_last", "dilation_rate": [1], "activation": "linear", "use_bias": true, "kernel_initializer": {"class_name": "VarianceScaling", "config": {"scale": 1.0, "mode": "fan_avg", "distribution": "uniform", "seed": null}}, "bias_initializer": {"class_name": "Zeros", "config": {}}, "kernel_regularizer": null, "bias_regularizer": null, "activity_regularizer": null, "kernel_constraint": null, "bias_constraint": null}, "inbound_nodes": [[["activation_7", 0, 0, {}]]]}, {"name": "Encoder_Output", "class_name": "Activation", "config": {"name": "Encoder_Output", "trainable": true, "activation": "linear"}, "inbound_nodes": [[["conv1d_8", 0, 0, {}]]]}], "input_layers": [["Sequence_Input", 0, 0], ["Constant_Input", 0, 0]], "output_layers": [["Encoder_Output", 0, 0]]}, "inbound_nodes": [[["Sequence_Input", 0, 0, {}], ["Constant_Input", 0, 0, {}]]]}, {"name": "Decoder", "class_name": "Model", "config": {"name": "Decoder", "layers": [{"name": "Latent_Channel_Input", "class_name": "InputLayer", "config": {"batch_input_shape": [null, 54, 1], "dtype": "float32", "sparse": false, "name": "Latent_Channel_Input"}, "inbound_nodes": []}, {"name": "conv1d_9", "class_name": "Conv1D", "config": {"name": "conv1d_9", "trainable": true, "filters": 32, "kernel_size": [5], "strides": [1], "padding": "same", "data_format": "channels_last", "dilation_rate": [1], "activation": "linear", "use_bias": true, "kernel_initializer": {"class_name": "VarianceScaling", "config": {"scale": 1.0, "mode": "fan_avg", "distribution": "uniform", "seed": null}}, "bias_initializer": {"class_name": "Zeros", "config": {}}, "kernel_regularizer": null, "bias_regularizer": null, "activity_regularizer": null, "kernel_constraint": null, "bias_constraint": null}, "inbound_nodes": [[["Latent_Channel_Input", 0, 0, {}]]]}, {"name": "activation_8", "class_name": "Activation", "config": {"name": "activation_8", "trainable": true, "activation": "relu"}, "inbound_nodes": [[["conv1d_9", 0, 0, {}]]]}, {"name": "conv1d_10", "class_name": "Conv1D", "config": {"name": "conv1d_10", "trainable": true, "filters": 32, "kernel_size": [5], "strides": [1], "padding": "same", "data_format": "channels_last", "dilation_rate": [1], "activation": "linear", "use_bias": true, "kernel_initializer": {"class_name": "VarianceScaling", "config": {"scale": 1.0, "mode": "fan_avg", "distribution": "uniform", "seed": null}}, "bias_initializer": {"class_name": "Zeros", "config": {}}, "kernel_regularizer": null, "bias_regularizer": null, "activity_regularizer": null, "kernel_constraint": null, "bias_constraint": null}, "inbound_nodes": [[["activation_8", 0, 0, {}]]]}, {"name": "activation_9", "class_name": "Activation", "config": {"name": "activation_9", "trainable": true, "activation": "relu"}, "inbound_nodes": [[["conv1d_10", 0, 0, {}]]]}, {"name": "conv1d_11", "class_name": "Conv1D", "config": {"name": "conv1d_11", "trainable": true, "filters": 32, "kernel_size": [5], "strides": [1], "padding": "same", "data_format": "channels_last", "dilation_rate": [1], "activation": "linear", "use_bias": true, "kernel_initializer": {"class_name": "VarianceScaling", "config": {"scale": 1.0, "mode": "fan_avg", "distribution": "uniform", "seed": null}}, "bias_initializer": {"class_name": "Zeros", "config": {}}, "kernel_regularizer": null, "bias_regularizer": null, "activity_regularizer": null, "kernel_constraint": null, "bias_constraint": null}, "inbound_nodes": [[["activation_9", 0, 0, {}]]]}, {"name": "activation_10", "class_name": "Activation", "config": {"name": "activation_10", "trainable": true, "activation": "relu"}, "inbound_nodes": [[["conv1d_11", 0, 0, {}]]]}, {"name": "Constant_Input", "class_name": "InputLayer", "config": {"batch_input_shape": [null, 54, 2], "dtype": "float32", "sparse": false, "name": "Constant_Input"}, "inbound_nodes": []}, {"name": "decoder_input", "class_name": "Concatenate", "config": {"name": "decoder_input", "trainable": true, "axis": -1}, "inbound_nodes": [[["activation_10", 0, 0, {}], ["Constant_Input", 0, 0, {}]]]}, {"name": "conv1d_12", "class_name": "Conv1D", "config": {"name": "conv1d_12", "trainable": true, "filters": 32, "kernel_size": [1], "strides": [1], "padding": "same", "data_format": "channels_last", "dilation_rate": [1], "activation": "linear", "use_bias": true, "kernel_initializer": {"class_name": "VarianceScaling", "config": {"scale": 1.0, "mode": "fan_avg", "distribution": "uniform", "seed": null}}, "bias_initializer": {"class_name": "Zeros", "config": {}}, "kernel_regularizer": null, "bias_regularizer": null, "activity_regularizer": null, "kernel_constraint": null, "bias_constraint": null}, "inbound_nodes": [[["decoder_input", 0, 0, {}]]]}, {"name": "activation_11", "class_name": "Activation", "config": {"name": "activation_11", "trainable": true, "activation": "relu"}, "inbound_nodes": [[["conv1d_12", 0, 0, {}]]]}, {"name": "conv1d_13", "class_name": "Conv1D", "config": {"name": "conv1d_13", "trainable": true, "filters": 16, "kernel_size": [1], "strides": [1], "padding": "same", "data_format": "channels_last", "dilation_rate": [1], "activation": "linear", "use_bias": true, "kernel_initializer": {"class_name": "VarianceScaling", "config": {"scale": 1.0, "mode": "fan_avg", "distribution": "uniform", "seed": null}}, "bias_initializer": {"class_name": "Zeros", "config": {}}, "kernel_regularizer": null, "bias_regularizer": null, "activity_regularizer": null, "kernel_constraint": null, "bias_constraint": null}, "inbound_nodes": [[["activation_11", 0, 0, {}]]]}, {"name": "activation_12", "class_name": "Activation", "config": {"name": "activation_12", "trainable": true, "activation": "relu"}, "inbound_nodes": [[["conv1d_13", 0, 0, {}]]]}, {"name": "conv1d_14", "class_name": "Conv1D", "config": {"name": "conv1d_14", "trainable": true, "filters": 8, "kernel_size": [1], "strides": [1], "padding": "same", "data_format": "channels_last", "dilation_rate": [1], "activation": "linear", "use_bias": true, "kernel_initializer": {"class_name": "VarianceScaling", "config": {"scale": 1.0, "mode": "fan_avg", "distribution": "uniform", "seed": null}}, "bias_initializer": {"class_name": "Zeros", "config": {}}, "kernel_regularizer": null, "bias_regularizer": null, "activity_regularizer": null, "kernel_constraint": null, "bias_constraint": null}, "inbound_nodes": [[["activation_12", 0, 0, {}]]]}, {"name": "activation_13", "class_name": "Activation", "config": {"name": "activation_13", "trainable": true, "activation": "relu"}, "inbound_nodes": [[["conv1d_14", 0, 0, {}]]]}, {"name": "conv1d_15", "class_name": "Conv1D", "config": {"name": "conv1d_15", "trainable": true, "filters": 4, "kernel_size": [1], "strides": [1], "padding": "same", "data_format": "channels_last", "dilation_rate": [1], "activation": "linear", "use_bias": true, "kernel_initializer": {"class_name": "VarianceScaling", "config": {"scale": 1.0, "mode": "fan_avg", "distribution": "uniform", "seed": null}}, "bias_initializer": {"class_name": "Zeros", "config": {}}, "kernel_regularizer": null, "bias_regularizer": null, "activity_regularizer": null, "kernel_constraint": null, "bias_constraint": null}, "inbound_nodes": [[["activation_13", 0, 0, {}]]]}, {"name": "activation_14", "class_name": "Activation", "config": {"name": "activation_14", "trainable": true, "activation": "relu"}, "inbound_nodes": [[["conv1d_15", 0, 0, {}]]]}, {"name": "conv1d_16", "class_name": "Conv1D", "config": {"name": "conv1d_16", "trainable": true, "filters": 2, "kernel_size": [1], "strides": [1], "padding": "same", "data_format": "channels_last", "dilation_rate": [1], "activation": "linear", "use_bias": true, "kernel_initializer": {"class_name": "VarianceScaling", "config": {"scale": 1.0, "mode": "fan_avg", "distribution": "uniform", "seed": null}}, "bias_initializer": {"class_name": "Zeros", "config": {}}, "kernel_regularizer": null, "bias_regularizer": null, "activity_regularizer": null, "kernel_constraint": null, "bias_constraint": null}, "inbound_nodes": [[["activation_14", 0, 0, {}]]]}, {"name": "Decoder_Output", "class_name": "Activation", "config": {"name": "Decoder_Output", "trainable": true, "activation": "tanh"}, "inbound_nodes": [[["conv1d_16", 0, 0, {}]]]}], "input_layers": [["Latent_Channel_Input", 0, 0], ["Constant_Input", 0, 0]], "output_layers": [["Decoder_Output", 0, 0]]}, "inbound_nodes": [[["Encoder", 1, 0, {}], ["Constant_Input", 0, 0, {}]]]}], "input_layers": [["Sequence_Input", 0, 0], ["Constant_Input", 0, 0]], "output_layers": [["Decoder", 1, 0]]}, "keras_version": "2.2.4", "backend": "tensorflow"}